dataset; method; num_of_feat; num_of_elems; accuracy; balanced_acc; precision; recall; f1_score; tpr_fpr_tnr; matrix; scores; time
kr-vs-k-zero_vs_eight.dat; NO SELECTION; 6; 1460; 0.9863013698630136; 0.9931224209078404; 0.23076923076923078; 1.0; 0.375; (1.0,0.013755158184319119,0.9862448418156808); [[3,10],[0,717]]; ['all']; 0
kr-vs-k-zero_vs_eight.dat; ANOVA; 6; 1460; 0.9863013698630136; 0.9931224209078404; 0.23076923076923078; 1.0; 0.375; (1.0,0.013755158184319119,0.9862448418156808); [[3,10],[0,717]]; [0,1,2,3,4,5]; 0.0009202957153320312
kr-vs-k-zero_vs_eight.dat; RELIEF; 6; 1460; 0.9863013698630136; 0.9931224209078404; 0.23076923076923078; 1.0; 0.375; (1.0,0.013755158184319119,0.9862448418156808); [[3,10],[0,717]]; [0,1,2,3,4,5]; 2.8531992435455322
kr-vs-k-zero_vs_eight.dat; INFORATION GAIN; 6; 1460; 0.9863013698630136; 0.9931224209078404; 0.23076923076923078; 1.0; 0.375; (1.0,0.013755158184319119,0.9862448418156808); [[3,10],[0,717]]; [0,1,2,3,4,5]; 0.05910015106201172
kr-vs-k-zero_vs_eight.dat; CHI SQUARE; 6; 1460; 0.9863013698630136; 0.9931224209078404; 0.23076923076923078; 1.0; 0.375; (1.0,0.013755158184319119,0.9862448418156808); [[3,10],[0,717]]; [0,1,2,3,4,5]; 0.00182342529296875
kr-vs-k-zero_vs_eight.dat; CORRELATION COEF; 5; 1460; 0.9863013698630136; 0.9931224209078404; 0.23076923076923078; 1.0; 0.375; (1.0,0.013755158184319119,0.9862448418156808); [[3,10],[0,717]]; [1,2,3,4,5]; 0.0014100074768066406
zoo-3.dat; NO SELECTION; 16; 101; 0.96; 0.48; 0.0; 0.0; 0.0; (0.0,0.04,0.96); [[0,2],[0,48]]; ['all']; 0
zoo-3.dat; ANOVA; 16; 101; 0.96; 0.48; 0.0; 0.0; 0.0; (0.0,0.04,0.96); [[0,2],[0,48]]; [0,1,2,3,4,5,6,7,8,9,10,11,12,13,14,15]; 0.0006377696990966797
zoo-3.dat; RELIEF; 16; 101; 0.96; 0.48; 0.0; 0.0; 0.0; (0.0,0.04,0.96); [[0,2],[0,48]]; [0,1,2,3,4,5,6,7,8,9,10,11,12,13,14,15]; 0.028038740158081055
zoo-3.dat; INFORATION GAIN; 16; 101; 0.96; 0.48; 0.0; 0.0; 0.0; (0.0,0.04,0.96); [[0,2],[0,48]]; [0,1,2,3,4,5,6,7,8,9,10,11,12,13,14,15]; 0.0327146053314209
zoo-3.dat; CHI SQUARE; 16; 101; 0.96; 0.48; 0.0; 0.0; 0.0; (0.0,0.04,0.96); [[0,2],[0,48]]; [0,1,2,3,4,5,6,7,8,9,10,11,12,13,14,15]; 0.0010175704956054688
zoo-3.dat; CORRELATION COEF; 15; 101; 0.96; 0.48; 0.0; 0.0; 0.0; (0.0,0.04,0.96); [[0,2],[0,48]]; [1,2,3,4,5,6,7,8,9,10,11,12,13,14,15]; 0.003448009490966797
kr-vs-k-one_vs_fifteen.dat; NO SELECTION; 6; 2244; 0.9937611408199644; 0.9967889908256881; 0.8205128205128205; 1.0; 0.9014084507042254; (1.0,0.006422018348623854,0.9935779816513761); [[32,7],[0,1083]]; ['all']; 0
kr-vs-k-one_vs_fifteen.dat; ANOVA; 6; 2244; 0.9937611408199644; 0.9967889908256881; 0.8205128205128205; 1.0; 0.9014084507042254; (1.0,0.006422018348623854,0.9935779816513761); [[32,7],[0,1083]]; [0,1,2,3,4,5]; 0.0010983943939208984
kr-vs-k-one_vs_fifteen.dat; RELIEF; 6; 2244; 0.9937611408199644; 0.9967889908256881; 0.8205128205128205; 1.0; 0.9014084507042254; (1.0,0.006422018348623854,0.9935779816513761); [[32,7],[0,1083]]; [0,1,2,3,4,5]; 7.493358850479126
kr-vs-k-one_vs_fifteen.dat; INFORATION GAIN; 6; 2244; 0.9937611408199644; 0.9967889908256881; 0.8205128205128205; 1.0; 0.9014084507042254; (1.0,0.006422018348623854,0.9935779816513761); [[32,7],[0,1083]]; [0,1,2,3,4,5]; 0.07199811935424805
kr-vs-k-one_vs_fifteen.dat; CHI SQUARE; 6; 2244; 0.9937611408199644; 0.9967889908256881; 0.8205128205128205; 1.0; 0.9014084507042254; (1.0,0.006422018348623854,0.9935779816513761); [[32,7],[0,1083]]; [0,1,2,3,4,5]; 0.0029096603393554688
kr-vs-k-one_vs_fifteen.dat; CORRELATION COEF; 5; 2244; 0.9928698752228164; 0.9963336388634281; 0.7948717948717948; 1.0; 0.8857142857142858; (1.0,0.007332722273143905,0.9926672777268561); [[31,8],[0,1083]]; [1,2,3,4,5]; 0.0013580322265625
winequality-red-4.dat; NO SELECTION; 11; 1599; 0.967459324155194; 0.483729662077597; 0.0; 0.0; 0.0; (0.0,0.03254067584480601,0.967459324155194); [[0,26],[0,773]]; ['all']; 0
winequality-red-4.dat; ANOVA; 11; 1599; 0.967459324155194; 0.483729662077597; 0.0; 0.0; 0.0; (0.0,0.03254067584480601,0.967459324155194); [[0,26],[0,773]]; [0,1,2,3,4,5,6,7,8,9,10]; 0.0009632110595703125
winequality-red-4.dat; RELIEF; 11; 1599; 0.967459324155194; 0.483729662077597; 0.0; 0.0; 0.0; (0.0,0.03254067584480601,0.967459324155194); [[0,26],[0,773]]; [0,1,2,3,4,5,6,7,8,9,10]; 3.410294771194458
winequality-red-4.dat; INFORATION GAIN; 11; 1599; 0.967459324155194; 0.483729662077597; 0.0; 0.0; 0.0; (0.0,0.03254067584480601,0.967459324155194); [[0,26],[0,773]]; [0,1,2,3,4,5,6,7,8,9,10]; 0.1023719310760498
winequality-red-4.dat; CHI SQUARE; 11; 1599; 0.967459324155194; 0.483729662077597; 0.0; 0.0; 0.0; (0.0,0.03254067584480601,0.967459324155194); [[0,26],[0,773]]; [0,1,2,3,4,5,6,7,8,9,10]; 0.0030689239501953125
winequality-red-4.dat; CORRELATION COEF; 10; 1599; 0.967459324155194; 0.483729662077597; 0.0; 0.0; 0.0; (0.0,0.03254067584480601,0.967459324155194); [[0,26],[0,773]]; [1,2,3,4,5,6,7,8,9,10]; 0.002460002899169922
dermatology-6.dat; NO SELECTION; 34; 358; 0.9608938547486033; 0.796951219512195; 0.9; 0.6; 0.7200000000000001; (0.6,0.006097560975609756,0.9939024390243902); [[9,1],[6,163]]; ['all']; 0
dermatology-6.dat; ANOVA; 34; 358; 0.9608938547486033; 0.796951219512195; 0.9; 0.6; 0.7200000000000001; (0.6,0.006097560975609756,0.9939024390243902); [[9,1],[6,163]]; [0,1,2,3,4,5,6,7,8,9,10,11,12,13,14,15,16,17,18,19,20,21,22,23,24,25,26,27,28,29,30,31,32,33]; 0.0009319782257080078
dermatology-6.dat; RELIEF; 34; 358; 0.9608938547486033; 0.796951219512195; 0.9; 0.6; 0.7200000000000001; (0.6,0.006097560975609756,0.9939024390243902); [[9,1],[6,163]]; [0,1,2,3,4,5,6,7,8,9,10,11,12,13,14,15,16,17,18,19,20,21,22,23,24,25,26,27,28,29,30,31,32,33]; 0.24387216567993164
dermatology-6.dat; INFORATION GAIN; 34; 358; 0.9608938547486033; 0.796951219512195; 0.9; 0.6; 0.7200000000000001; (0.6,0.006097560975609756,0.9939024390243902); [[9,1],[6,163]]; [0,1,2,3,4,5,6,7,8,9,10,11,12,13,14,15,16,17,18,19,20,21,22,23,24,25,26,27,28,29,30,31,32,33]; 0.10265326499938965
dermatology-6.dat; CHI SQUARE; 34; 358; 0.9608938547486033; 0.796951219512195; 0.9; 0.6; 0.7200000000000001; (0.6,0.006097560975609756,0.9939024390243902); [[9,1],[6,163]]; [0,1,2,3,4,5,6,7,8,9,10,11,12,13,14,15,16,17,18,19,20,21,22,23,24,25,26,27,28,29,30,31,32,33]; 0.0012826919555664062
dermatology-6.dat; CORRELATION COEF; 33; 358; 0.9608938547486033; 0.796951219512195; 0.9; 0.6; 0.7200000000000001; (0.6,0.006097560975609756,0.9939024390243902); [[9,1],[6,163]]; [1,2,3,4,5,6,7,8,9,10,11,12,13,14,15,16,17,18,19,20,21,22,23,24,25,26,27,28,29,30,31,32,33]; 0.012909173965454102
shuttle-2_vs_5.dat; NO SELECTION; 9; 3316; 0.9975874547647768; 0.9773434383725569; 0.88; 0.9565217391304348; 0.9166666666666666; (0.9565217391304348,0.001834862385321101,0.998165137614679); [[22,3],[1,1632]]; ['all']; 0
shuttle-2_vs_5.dat; ANOVA; 9; 3316; 0.9975874547647768; 0.9773434383725569; 0.88; 0.9565217391304348; 0.9166666666666666; (0.9565217391304348,0.001834862385321101,0.998165137614679); [[22,3],[1,1632]]; [0,1,2,3,4,5,6,7,8]; 0.0011844635009765625
shuttle-2_vs_5.dat; RELIEF; 9; 3316; 0.9975874547647768; 0.9773434383725569; 0.88; 0.9565217391304348; 0.9166666666666666; (0.9565217391304348,0.001834862385321101,0.998165137614679); [[22,3],[1,1632]]; [0,1,2,3,4,5,6,7,8]; 17.127994537353516
shuttle-2_vs_5.dat; INFORATION GAIN; 9; 3316; 0.9975874547647768; 0.9773434383725569; 0.88; 0.9565217391304348; 0.9166666666666666; (0.9565217391304348,0.001834862385321101,0.998165137614679); [[22,3],[1,1632]]; [0,1,2,3,4,5,6,7,8]; 0.21062946319580078
shuttle-2_vs_5.dat; CHI SQUARE; 9; 3316; 0.9975874547647768; 0.9773434383725569; 0.88; 0.9565217391304348; 0.9166666666666666; (0.9565217391304348,0.001834862385321101,0.998165137614679); [[22,3],[1,1632]]; [0,1,2,3,4,5,6,7,8]; 0.003798961639404297
shuttle-2_vs_5.dat; CORRELATION COEF; 8; 3316; 0.9975874547647768; 0.9773434383725569; 0.88; 0.9565217391304348; 0.9166666666666666; (0.9565217391304348,0.001834862385321101,0.998165137614679); [[22,3],[1,1632]]; [1,2,3,4,5,6,7,8]; 0.002578258514404297
winequality-white-3-9_vs_5.dat; NO SELECTION; 11; 1482; 0.9824561403508771; 0.49122807017543857; 0.0; 0.0; 0.0; (0.0,0.017543859649122806,0.9824561403508771); [[0,13],[0,728]]; ['all']; 0
winequality-white-3-9_vs_5.dat; ANOVA; 11; 1482; 0.9824561403508771; 0.49122807017543857; 0.0; 0.0; 0.0; (0.0,0.017543859649122806,0.9824561403508771); [[0,13],[0,728]]; [0,1,2,3,4,5,6,7,8,9,10]; 0.0009756088256835938
winequality-white-3-9_vs_5.dat; RELIEF; 11; 1482; 0.9824561403508771; 0.49122807017543857; 0.0; 0.0; 0.0; (0.0,0.017543859649122806,0.9824561403508771); [[0,13],[0,728]]; [0,1,2,3,4,5,6,7,8,9,10]; 3.3085432052612305
winequality-white-3-9_vs_5.dat; INFORATION GAIN; 11; 1482; 0.9824561403508771; 0.49122807017543857; 0.0; 0.0; 0.0; (0.0,0.017543859649122806,0.9824561403508771); [[0,13],[0,728]]; [0,1,2,3,4,5,6,7,8,9,10]; 0.08837485313415527
winequality-white-3-9_vs_5.dat; CHI SQUARE; 11; 1482; 0.9824561403508771; 0.49122807017543857; 0.0; 0.0; 0.0; (0.0,0.017543859649122806,0.9824561403508771); [[0,13],[0,728]]; [0,1,2,3,4,5,6,7,8,9,10]; 0.002230405807495117
winequality-white-3-9_vs_5.dat; CORRELATION COEF; 10; 1482; 0.9824561403508771; 0.49122807017543857; 0.0; 0.0; 0.0; (0.0,0.017543859649122806,0.9824561403508771); [[0,13],[0,728]]; [1,2,3,4,5,6,7,8,9,10]; 0.002427816390991211
winequality-red-3_vs_5.dat; NO SELECTION; 11; 691; 0.9855072463768116; 0.4927536231884058; 0.0; 0.0; 0.0; (0.0,0.014492753623188406,0.9855072463768116); [[0,5],[0,340]]; ['all']; 0
winequality-red-3_vs_5.dat; ANOVA; 11; 691; 0.9855072463768116; 0.4927536231884058; 0.0; 0.0; 0.0; (0.0,0.014492753623188406,0.9855072463768116); [[0,5],[0,340]]; [0,1,2,3,4,5,6,7,8,9,10]; 0.0007152557373046875
winequality-red-3_vs_5.dat; RELIEF; 11; 691; 0.9855072463768116; 0.4927536231884058; 0.0; 0.0; 0.0; (0.0,0.014492753623188406,0.9855072463768116); [[0,5],[0,340]]; [0,1,2,3,4,5,6,7,8,9,10]; 0.7022321224212646
winequality-red-3_vs_5.dat; INFORATION GAIN; 11; 691; 0.9855072463768116; 0.4927536231884058; 0.0; 0.0; 0.0; (0.0,0.014492753623188406,0.9855072463768116); [[0,5],[0,340]]; [0,1,2,3,4,5,6,7,8,9,10]; 0.05377769470214844
winequality-red-3_vs_5.dat; CHI SQUARE; 11; 691; 0.9855072463768116; 0.4927536231884058; 0.0; 0.0; 0.0; (0.0,0.014492753623188406,0.9855072463768116); [[0,5],[0,340]]; [0,1,2,3,4,5,6,7,8,9,10]; 0.001344919204711914
winequality-red-3_vs_5.dat; CORRELATION COEF; 10; 691; 0.9855072463768116; 0.4927536231884058; 0.0; 0.0; 0.0; (0.0,0.014492753623188406,0.9855072463768116); [[0,5],[0,340]]; [1,2,3,4,5,6,7,8,9,10]; 0.002057790756225586
winequality-red-8_vs_6-7.dat; NO SELECTION; 11; 855; 0.9789227166276346; 0.4894613583138173; 0.0; 0.0; 0.0; (0.0,0.02107728337236534,0.9789227166276346); [[0,9],[0,418]]; ['all']; 0
winequality-red-8_vs_6-7.dat; ANOVA; 11; 855; 0.9789227166276346; 0.4894613583138173; 0.0; 0.0; 0.0; (0.0,0.02107728337236534,0.9789227166276346); [[0,9],[0,418]]; [0,1,2,3,4,5,6,7,8,9,10]; 0.0008571147918701172
winequality-red-8_vs_6-7.dat; RELIEF; 11; 855; 0.9789227166276346; 0.4894613583138173; 0.0; 0.0; 0.0; (0.0,0.02107728337236534,0.9789227166276346); [[0,9],[0,418]]; [0,1,2,3,4,5,6,7,8,9,10]; 1.0574827194213867
winequality-red-8_vs_6-7.dat; INFORATION GAIN; 11; 855; 0.9789227166276346; 0.4894613583138173; 0.0; 0.0; 0.0; (0.0,0.02107728337236534,0.9789227166276346); [[0,9],[0,418]]; [0,1,2,3,4,5,6,7,8,9,10]; 0.05953550338745117
winequality-red-8_vs_6-7.dat; CHI SQUARE; 11; 855; 0.9789227166276346; 0.4894613583138173; 0.0; 0.0; 0.0; (0.0,0.02107728337236534,0.9789227166276346); [[0,9],[0,418]]; [0,1,2,3,4,5,6,7,8,9,10]; 0.0016007423400878906
winequality-red-8_vs_6-7.dat; CORRELATION COEF; 10; 855; 0.9789227166276346; 0.4894613583138173; 0.0; 0.0; 0.0; (0.0,0.02107728337236534,0.9789227166276346); [[0,9],[0,418]]; [1,2,3,4,5,6,7,8,9,10]; 0.0022401809692382812
kddcup-rootkit-imap_vs_back.dat; NO SELECTION; 41; 2225; 0.9991007194244604; 0.9995462794918331; 0.9090909090909091; 1.0; 0.9523809523809523; (1.0,0.0009074410163339383,0.9990925589836661); [[10,1],[0,1101]]; ['all']; 0
kddcup-rootkit-imap_vs_back.dat; ANOVA; 41; 2225; 0.9991007194244604; 0.9995462794918331; 0.9090909090909091; 1.0; 0.9523809523809523; (1.0,0.0009074410163339383,0.9990925589836661); [[10,1],[0,1101]]; [0,1,2,3,4,5,6,7,8,9,10,11,12,13,14,15,16,17,18,19,20,21,22,23,24,25,26,27,28,29,30,31,32,33,34,35,36,37,38,39,40]; 0.0018858909606933594
kddcup-rootkit-imap_vs_back.dat; RELIEF; 41; 2225; 0.9991007194244604; 0.9995462794918331; 0.9090909090909091; 1.0; 0.9523809523809523; (1.0,0.0009074410163339383,0.9990925589836661); [[10,1],[0,1101]]; [0,1,2,3,4,5,6,7,8,9,10,11,12,13,14,15,16,17,18,19,20,21,22,23,24,25,26,27,28,29,30,31,32,33,34,35,36,37,38,39,40]; 9.120442867279053
kddcup-rootkit-imap_vs_back.dat; INFORATION GAIN; 41; 2225; 0.9991007194244604; 0.9995462794918331; 0.9090909090909091; 1.0; 0.9523809523809523; (1.0,0.0009074410163339383,0.9990925589836661); [[10,1],[0,1101]]; [0,1,2,3,4,5,6,7,8,9,10,11,12,13,14,15,16,17,18,19,20,21,22,23,24,25,26,27,28,29,30,31,32,33,34,35,36,37,38,39,40]; 0.4386141300201416
kddcup-rootkit-imap_vs_back.dat; CHI SQUARE; 41; 2225; 0.9991007194244604; 0.9995462794918331; 0.9090909090909091; 1.0; 0.9523809523809523; (1.0,0.0009074410163339383,0.9990925589836661); [[10,1],[0,1101]]; [0,1,2,3,4,5,6,7,8,9,10,11,12,13,14,15,16,17,18,19,20,21,22,23,24,25,26,27,28,29,30,31,32,33,34,35,36,37,38,39,40]; 0.0030219554901123047
kddcup-rootkit-imap_vs_back.dat; CORRELATION COEF; 32; 2225; 0.9991007194244604; 0.9995462794918331; 0.9090909090909091; 1.0; 0.9523809523809523; (1.0,0.0009074410163339383,0.9990925589836661); [[10,1],[0,1101]]; [1,2,3,4,5,8,9,10,11,12,13,15,16,22,23,24,25,26,27,28,29,30,31,32,33,34,35,36,37,38,39,40]; 0.02359795570373535
kddcup-guess_passwd_vs_satan.dat; NO SELECTION; 41; 1642; 0.9987819732034104; 0.9814814814814814; 1.0; 0.9629629629629629; 0.9811320754716981; (0.9629629629629629,0.0,1.0); [[26,0],[1,794]]; ['all']; 0
kddcup-guess_passwd_vs_satan.dat; ANOVA; 41; 1642; 0.9987819732034104; 0.9814814814814814; 1.0; 0.9629629629629629; 0.9811320754716981; (0.9629629629629629,0.0,1.0); [[26,0],[1,794]]; [0,1,2,3,4,5,6,7,8,9,10,11,12,13,14,15,16,17,18,19,20,21,22,23,24,25,26,27,28,29,30,31,32,33,34,35,36,37,38,39,40]; 0.0013175010681152344
kddcup-guess_passwd_vs_satan.dat; RELIEF; 41; 1642; 0.9987819732034104; 0.9814814814814814; 1.0; 0.9629629629629629; 0.9811320754716981; (0.9629629629629629,0.0,1.0); [[26,0],[1,794]]; [0,1,2,3,4,5,6,7,8,9,10,11,12,13,14,15,16,17,18,19,20,21,22,23,24,25,26,27,28,29,30,31,32,33,34,35,36,37,38,39,40]; 4.8018858432769775
kddcup-guess_passwd_vs_satan.dat; INFORATION GAIN; 41; 1642; 0.9987819732034104; 0.9814814814814814; 1.0; 0.9629629629629629; 0.9811320754716981; (0.9629629629629629,0.0,1.0); [[26,0],[1,794]]; [0,1,2,3,4,5,6,7,8,9,10,11,12,13,14,15,16,17,18,19,20,21,22,23,24,25,26,27,28,29,30,31,32,33,34,35,36,37,38,39,40]; 0.3459341526031494
kddcup-guess_passwd_vs_satan.dat; CHI SQUARE; 41; 1642; 0.9987819732034104; 0.9814814814814814; 1.0; 0.9629629629629629; 0.9811320754716981; (0.9629629629629629,0.0,1.0); [[26,0],[1,794]]; [0,1,2,3,4,5,6,7,8,9,10,11,12,13,14,15,16,17,18,19,20,21,22,23,24,25,26,27,28,29,30,31,32,33,34,35,36,37,38,39,40]; 0.002660989761352539
kddcup-guess_passwd_vs_satan.dat; CORRELATION COEF; 28; 1642; 0.9987819732034104; 0.9814814814814814; 1.0; 0.9629629629629629; 0.9811320754716981; (0.9629629629629629,0.0,1.0); [[26,0],[1,794]]; [1,2,3,4,5,9,10,11,21,22,23,24,25,26,27,28,29,30,31,32,33,34,35,36,37,38,39,40]; 0.020848512649536133
kddcup-buffer_overflow_vs_back.dat; NO SELECTION; 41; 2233; 0.9982078853046595; 0.9411764705882353; 1.0; 0.8823529411764706; 0.9375; (0.8823529411764706,0.0,1.0); [[15,0],[2,1099]]; ['all']; 0
kddcup-buffer_overflow_vs_back.dat; ANOVA; 41; 2233; 0.9982078853046595; 0.9411764705882353; 1.0; 0.8823529411764706; 0.9375; (0.8823529411764706,0.0,1.0); [[15,0],[2,1099]]; [0,1,2,3,4,5,6,7,8,9,10,11,12,13,14,15,16,17,18,19,20,21,22,23,24,25,26,27,28,29,30,31,32,33,34,35,36,37,38,39,40]; 0.0017001628875732422
kddcup-buffer_overflow_vs_back.dat; RELIEF; 41; 2233; 0.9982078853046595; 0.9411764705882353; 1.0; 0.8823529411764706; 0.9375; (0.8823529411764706,0.0,1.0); [[15,0],[2,1099]]; [0,1,2,3,4,5,6,7,8,9,10,11,12,13,14,15,16,17,18,19,20,21,22,23,24,25,26,27,28,29,30,31,32,33,34,35,36,37,38,39,40]; 11.31635332107544
kddcup-buffer_overflow_vs_back.dat; INFORATION GAIN; 41; 2233; 0.9982078853046595; 0.9411764705882353; 1.0; 0.8823529411764706; 0.9375; (0.8823529411764706,0.0,1.0); [[15,0],[2,1099]]; [0,1,2,3,4,5,6,7,8,9,10,11,12,13,14,15,16,17,18,19,20,21,22,23,24,25,26,27,28,29,30,31,32,33,34,35,36,37,38,39,40]; 0.5521612167358398
kddcup-buffer_overflow_vs_back.dat; CHI SQUARE; 41; 2233; 0.9982078853046595; 0.9411764705882353; 1.0; 0.8823529411764706; 0.9375; (0.8823529411764706,0.0,1.0); [[15,0],[2,1099]]; [0,1,2,3,4,5,6,7,8,9,10,11,12,13,14,15,16,17,18,19,20,21,22,23,24,25,26,27,28,29,30,31,32,33,34,35,36,37,38,39,40]; 0.003473520278930664
kddcup-buffer_overflow_vs_back.dat; CORRELATION COEF; 26; 2233; 0.9982078853046595; 0.9411764705882353; 1.0; 0.8823529411764706; 0.9375; (0.8823529411764706,0.0,1.0); [[15,0],[2,1099]]; [2,3,4,5,9,12,13,15,16,22,23,24,25,26,27,28,29,30,31,32,35,36,37,38,39,40]; 0.022252321243286133
abalone-19_vs_10-11-12-13.dat; NO SELECTION; 8; 1622; 0.9802712700369913; 0.49013563501849566; 0.0; 0.0; 0.0; (0.0,0.01972872996300863,0.9802712700369913); [[0,16],[0,795]]; ['all']; 0
abalone-19_vs_10-11-12-13.dat; ANOVA; 8; 1622; 0.9802712700369913; 0.49013563501849566; 0.0; 0.0; 0.0; (0.0,0.01972872996300863,0.9802712700369913); [[0,16],[0,795]]; [0,1,2,3,4,5,6,7]; 0.0008711814880371094
abalone-19_vs_10-11-12-13.dat; RELIEF; 8; 1622; 0.9802712700369913; 0.49013563501849566; 0.0; 0.0; 0.0; (0.0,0.01972872996300863,0.9802712700369913); [[0,16],[0,795]]; [0,1,2,3,4,5,6,7]; 3.3031818866729736
abalone-19_vs_10-11-12-13.dat; INFORATION GAIN; 8; 1622; 0.9802712700369913; 0.49013563501849566; 0.0; 0.0; 0.0; (0.0,0.01972872996300863,0.9802712700369913); [[0,16],[0,795]]; [0,1,2,3,4,5,6,7]; 0.0700531005859375
abalone-19_vs_10-11-12-13.dat; CHI SQUARE; 8; 1622; 0.9802712700369913; 0.49013563501849566; 0.0; 0.0; 0.0; (0.0,0.01972872996300863,0.9802712700369913); [[0,16],[0,795]]; [0,1,2,3,4,5,6,7]; 0.0019729137420654297
abalone-19_vs_10-11-12-13.dat; CORRELATION COEF; 7; 1622; 0.9802712700369913; 0.49013563501849566; 0.0; 0.0; 0.0; (0.0,0.01972872996300863,0.9802712700369913); [[0,16],[0,795]]; [1,2,3,4,5,6,7]; 0.0016338825225830078
abalone-17_vs_7-8-9-10.dat; NO SELECTION; 8; 2338; 0.9751924721984602; 0.4875962360992301; 0.0; 0.0; 0.0; (0.0,0.02480752780153978,0.9751924721984602); [[0,29],[0,1140]]; ['all']; 0
abalone-17_vs_7-8-9-10.dat; ANOVA; 8; 2338; 0.9751924721984602; 0.4875962360992301; 0.0; 0.0; 0.0; (0.0,0.02480752780153978,0.9751924721984602); [[0,29],[0,1140]]; [0,1,2,3,4,5,6,7]; 0.001132965087890625
abalone-17_vs_7-8-9-10.dat; RELIEF; 8; 2338; 0.9751924721984602; 0.4875962360992301; 0.0; 0.0; 0.0; (0.0,0.02480752780153978,0.9751924721984602); [[0,29],[0,1140]]; [0,1,2,3,4,5,6,7]; 6.717951536178589
abalone-17_vs_7-8-9-10.dat; INFORATION GAIN; 8; 2338; 0.9751924721984602; 0.4875962360992301; 0.0; 0.0; 0.0; (0.0,0.02480752780153978,0.9751924721984602); [[0,29],[0,1140]]; [0,1,2,3,4,5,6,7]; 0.09011220932006836
abalone-17_vs_7-8-9-10.dat; CHI SQUARE; 8; 2338; 0.9751924721984602; 0.4875962360992301; 0.0; 0.0; 0.0; (0.0,0.02480752780153978,0.9751924721984602); [[0,29],[0,1140]]; [0,1,2,3,4,5,6,7]; 0.002268075942993164
abalone-17_vs_7-8-9-10.dat; CORRELATION COEF; 7; 2338; 0.9760479041916168; 0.988013698630137; 0.034482758620689655; 1.0; 0.06666666666666667; (1.0,0.023972602739726026,0.976027397260274); [[1,28],[0,1140]]; [1,2,3,4,5,6,7]; 0.00170135498046875
poker-8-9_vs_6.dat; NO SELECTION; 10; 1485; 0.9838274932614556; 0.4919137466307278; 0.0; 0.0; 0.0; (0.0,0.016172506738544475,0.9838274932614556); [[0,12],[0,730]]; ['all']; 0
poker-8-9_vs_6.dat; ANOVA; 10; 1485; 0.9838274932614556; 0.4919137466307278; 0.0; 0.0; 0.0; (0.0,0.016172506738544475,0.9838274932614556); [[0,12],[0,730]]; [0,1,2,3,4,5,6,7,8,9]; 0.000858306884765625
poker-8-9_vs_6.dat; RELIEF; 10; 1485; 0.9838274932614556; 0.4919137466307278; 0.0; 0.0; 0.0; (0.0,0.016172506738544475,0.9838274932614556); [[0,12],[0,730]]; [0,1,2,3,4,5,6,7,8,9]; 2.6051251888275146
poker-8-9_vs_6.dat; INFORATION GAIN; 10; 1485; 0.9838274932614556; 0.4919137466307278; 0.0; 0.0; 0.0; (0.0,0.016172506738544475,0.9838274932614556); [[0,12],[0,730]]; [0,1,2,3,4,5,6,7,8,9]; 0.07762455940246582
poker-8-9_vs_6.dat; CHI SQUARE; 10; 1485; 0.9838274932614556; 0.4919137466307278; 0.0; 0.0; 0.0; (0.0,0.016172506738544475,0.9838274932614556); [[0,12],[0,730]]; [0,1,2,3,4,5,6,7,8,9]; 0.0020339488983154297
poker-8-9_vs_6.dat; CORRELATION COEF; 9; 1485; 0.9838274932614556; 0.4919137466307278; 0.0; 0.0; 0.0; (0.0,0.016172506738544475,0.9838274932614556); [[0,12],[0,730]]; [1,2,3,4,5,6,7,8,9]; 0.002018451690673828
shuttle-6_vs_2-3.dat; NO SELECTION; 9; 230; 0.9565217391304348; 0.4782608695652174; 0.0; 0.0; 0.0; (0.0,0.043478260869565216,0.9565217391304348); [[0,5],[0,110]]; ['all']; 0
shuttle-6_vs_2-3.dat; ANOVA; 9; 230; 0.9565217391304348; 0.4782608695652174; 0.0; 0.0; 0.0; (0.0,0.043478260869565216,0.9565217391304348); [[0,5],[0,110]]; [0,1,2,3,4,5,6,7,8]; 0.0006029605865478516
shuttle-6_vs_2-3.dat; RELIEF; 9; 230; 0.9565217391304348; 0.4782608695652174; 0.0; 0.0; 0.0; (0.0,0.043478260869565216,0.9565217391304348); [[0,5],[0,110]]; [0,1,2,3,4,5,6,7,8]; 0.10177230834960938
shuttle-6_vs_2-3.dat; INFORATION GAIN; 9; 230; 0.9565217391304348; 0.4782608695652174; 0.0; 0.0; 0.0; (0.0,0.043478260869565216,0.9565217391304348); [[0,5],[0,110]]; [0,1,2,3,4,5,6,7,8]; 0.024744510650634766
shuttle-6_vs_2-3.dat; CHI SQUARE; 9; 230; 0.9565217391304348; 0.4782608695652174; 0.0; 0.0; 0.0; (0.0,0.043478260869565216,0.9565217391304348); [[0,5],[0,110]]; [0,1,2,3,4,5,6,7,8]; 0.0011065006256103516
shuttle-6_vs_2-3.dat; CORRELATION COEF; 8; 230; 0.9565217391304348; 0.4782608695652174; 0.0; 0.0; 0.0; (0.0,0.043478260869565216,0.9565217391304348); [[0,5],[0,110]]; [1,2,3,4,5,6,7,8]; 0.0016129016876220703
kddcup-land_vs_portsweep.dat; NO SELECTION; 41; 1061; 0.9962264150943396; 0.9166666666666667; 1.0; 0.8333333333333334; 0.9090909090909091; (0.8333333333333334,0.0,1.0); [[10,0],[2,518]]; ['all']; 0
kddcup-land_vs_portsweep.dat; ANOVA; 41; 1061; 0.9962264150943396; 0.9166666666666667; 1.0; 0.8333333333333334; 0.9090909090909091; (0.8333333333333334,0.0,1.0); [[10,0],[2,518]]; [0,1,2,3,4,5,6,7,8,9,10,11,12,13,14,15,16,17,18,19,20,21,22,23,24,25,26,27,28,29,30,31,32,33,34,35,36,37,38,39,40]; 0.0011293888092041016
kddcup-land_vs_portsweep.dat; RELIEF; 41; 1061; 0.9962264150943396; 0.9166666666666667; 1.0; 0.8333333333333334; 0.9090909090909091; (0.8333333333333334,0.0,1.0); [[10,0],[2,518]]; [0,1,2,3,4,5,6,7,8,9,10,11,12,13,14,15,16,17,18,19,20,21,22,23,24,25,26,27,28,29,30,31,32,33,34,35,36,37,38,39,40]; 1.896014928817749
kddcup-land_vs_portsweep.dat; INFORATION GAIN; 41; 1061; 0.9962264150943396; 0.9166666666666667; 1.0; 0.8333333333333334; 0.9090909090909091; (0.8333333333333334,0.0,1.0); [[10,0],[2,518]]; [0,1,2,3,4,5,6,7,8,9,10,11,12,13,14,15,16,17,18,19,20,21,22,23,24,25,26,27,28,29,30,31,32,33,34,35,36,37,38,39,40]; 0.3056764602661133
kddcup-land_vs_portsweep.dat; CHI SQUARE; 41; 1061; 0.9962264150943396; 0.9166666666666667; 1.0; 0.8333333333333334; 0.9090909090909091; (0.8333333333333334,0.0,1.0); [[10,0],[2,518]]; [0,1,2,3,4,5,6,7,8,9,10,11,12,13,14,15,16,17,18,19,20,21,22,23,24,25,26,27,28,29,30,31,32,33,34,35,36,37,38,39,40]; 0.0024611949920654297
kddcup-land_vs_portsweep.dat; CORRELATION COEF; 25; 1061; 0.9962264150943396; 0.9166666666666667; 1.0; 0.8333333333333334; 0.9090909090909091; (0.8333333333333334,0.0,1.0); [[10,0],[2,518]]; [1,2,3,4,6,9,22,23,24,25,26,27,28,29,30,31,32,33,34,35,36,37,38,39,40]; 0.0183718204498291
poker-9_vs_7.dat; NO SELECTION; 10; 244; 0.9672131147540983; 0.48360655737704916; 0.0; 0.0; 0.0; (0.0,0.03278688524590164,0.9672131147540983); [[0,4],[0,118]]; ['all']; 0
poker-9_vs_7.dat; ANOVA; 10; 244; 0.9672131147540983; 0.48360655737704916; 0.0; 0.0; 0.0; (0.0,0.03278688524590164,0.9672131147540983); [[0,4],[0,118]]; [0,1,2,3,4,5,6,7,8,9]; 0.0005946159362792969
poker-9_vs_7.dat; RELIEF; 10; 244; 0.9672131147540983; 0.48360655737704916; 0.0; 0.0; 0.0; (0.0,0.03278688524590164,0.9672131147540983); [[0,4],[0,118]]; [0,1,2,3,4,5,6,7,8,9]; 0.10038042068481445
poker-9_vs_7.dat; INFORATION GAIN; 10; 244; 0.9672131147540983; 0.48360655737704916; 0.0; 0.0; 0.0; (0.0,0.03278688524590164,0.9672131147540983); [[0,4],[0,118]]; [0,1,2,3,4,5,6,7,8,9]; 0.027989864349365234
poker-9_vs_7.dat; CHI SQUARE; 10; 244; 0.9672131147540983; 0.48360655737704916; 0.0; 0.0; 0.0; (0.0,0.03278688524590164,0.9672131147540983); [[0,4],[0,118]]; [0,1,2,3,4,5,6,7,8,9]; 0.0012292861938476562
poker-9_vs_7.dat; CORRELATION COEF; 9; 244; 0.9672131147540983; 0.48360655737704916; 0.0; 0.0; 0.0; (0.0,0.03278688524590164,0.9672131147540983); [[0,4],[0,118]]; [1,2,3,4,5,6,7,8,9]; 0.0018265247344970703
abalone-20_vs_8-9-10.dat; NO SELECTION; 8; 1916; 0.9864300626304802; 0.4932150313152401; 0.0; 0.0; 0.0; (0.0,0.013569937369519834,0.9864300626304802); [[0,13],[0,945]]; ['all']; 0
abalone-20_vs_8-9-10.dat; ANOVA; 8; 1916; 0.9864300626304802; 0.4932150313152401; 0.0; 0.0; 0.0; (0.0,0.013569937369519834,0.9864300626304802); [[0,13],[0,945]]; [0,1,2,3,4,5,6,7]; 0.0009026527404785156
abalone-20_vs_8-9-10.dat; RELIEF; 8; 1916; 0.9864300626304802; 0.4932150313152401; 0.0; 0.0; 0.0; (0.0,0.013569937369519834,0.9864300626304802); [[0,13],[0,945]]; [0,1,2,3,4,5,6,7]; 4.665069341659546
abalone-20_vs_8-9-10.dat; INFORATION GAIN; 8; 1916; 0.9864300626304802; 0.4932150313152401; 0.0; 0.0; 0.0; (0.0,0.013569937369519834,0.9864300626304802); [[0,13],[0,945]]; [0,1,2,3,4,5,6,7]; 0.07742023468017578
abalone-20_vs_8-9-10.dat; CHI SQUARE; 8; 1916; 0.9864300626304802; 0.4932150313152401; 0.0; 0.0; 0.0; (0.0,0.013569937369519834,0.9864300626304802); [[0,13],[0,945]]; [0,1,2,3,4,5,6,7]; 0.002076864242553711
abalone-20_vs_8-9-10.dat; CORRELATION COEF; 7; 1916; 0.9864300626304802; 0.4932150313152401; 0.0; 0.0; 0.0; (0.0,0.013569937369519834,0.9864300626304802); [[0,13],[0,945]]; [1,2,3,4,5,6,7]; 0.0016102790832519531
lymphography-normal-fibrosis.dat; NO SELECTION; 18; 148; 0.9594594594594594; 0.4797297297297297; 0.0; 0.0; 0.0; (0.0,0.04054054054054054,0.9594594594594594); [[0,3],[0,71]]; ['all']; 0
lymphography-normal-fibrosis.dat; ANOVA; 18; 148; 0.9594594594594594; 0.4797297297297297; 0.0; 0.0; 0.0; (0.0,0.04054054054054054,0.9594594594594594); [[0,3],[0,71]]; [0,1,2,3,4,5,6,7,8,9,10,11,12,13,14,15,16,17]; 0.0006642341613769531
lymphography-normal-fibrosis.dat; RELIEF; 18; 148; 0.9594594594594594; 0.4797297297297297; 0.0; 0.0; 0.0; (0.0,0.04054054054054054,0.9594594594594594); [[0,3],[0,71]]; [0,1,2,3,4,5,6,7,8,9,10,11,12,13,14,15,16,17]; 0.04857063293457031
lymphography-normal-fibrosis.dat; INFORATION GAIN; 18; 148; 0.9594594594594594; 0.4797297297297297; 0.0; 0.0; 0.0; (0.0,0.04054054054054054,0.9594594594594594); [[0,3],[0,71]]; [0,1,2,3,4,5,6,7,8,9,10,11,12,13,14,15,16,17]; 0.0380403995513916
lymphography-normal-fibrosis.dat; CHI SQUARE; 18; 148; 0.9594594594594594; 0.4797297297297297; 0.0; 0.0; 0.0; (0.0,0.04054054054054054,0.9594594594594594); [[0,3],[0,71]]; [0,1,2,3,4,5,6,7,8,9,10,11,12,13,14,15,16,17]; 0.0010366439819335938
lymphography-normal-fibrosis.dat; CORRELATION COEF; 17; 148; 0.9594594594594594; 0.4797297297297297; 0.0; 0.0; 0.0; (0.0,0.04054054054054054,0.9594594594594594); [[0,3],[0,71]]; [1,2,3,4,5,6,7,8,9,10,11,12,13,14,15,16,17]; 0.003777742385864258
abalone-3_vs_11.dat; NO SELECTION; 8; 502; 0.9721115537848606; 0.4860557768924303; 0.0; 0.0; 0.0; (0.0,0.027888446215139442,0.9721115537848606); [[0,7],[0,244]]; ['all']; 0
abalone-3_vs_11.dat; ANOVA; 8; 502; 0.9721115537848606; 0.4860557768924303; 0.0; 0.0; 0.0; (0.0,0.027888446215139442,0.9721115537848606); [[0,7],[0,244]]; [0,1,2,3,4,5,6,7]; 0.0006365776062011719
abalone-3_vs_11.dat; RELIEF; 8; 502; 0.9721115537848606; 0.4860557768924303; 0.0; 0.0; 0.0; (0.0,0.027888446215139442,0.9721115537848606); [[0,7],[0,244]]; [0,1,2,3,4,5,6,7]; 0.4103543758392334
abalone-3_vs_11.dat; INFORATION GAIN; 8; 502; 0.9721115537848606; 0.4860557768924303; 0.0; 0.0; 0.0; (0.0,0.027888446215139442,0.9721115537848606); [[0,7],[0,244]]; [0,1,2,3,4,5,6,7]; 0.031777381896972656
abalone-3_vs_11.dat; CHI SQUARE; 8; 502; 0.9721115537848606; 0.4860557768924303; 0.0; 0.0; 0.0; (0.0,0.027888446215139442,0.9721115537848606); [[0,7],[0,244]]; [0,1,2,3,4,5,6,7]; 0.001321554183959961
abalone-3_vs_11.dat; CORRELATION COEF; 7; 502; 0.9960159362549801; 0.9375; 1.0; 0.875; 0.9333333333333333; (0.875,0.0,1.0); [[7,0],[1,243]]; [1,2,3,4,5,6,7]; 0.0015292167663574219
flare-F.dat; NO SELECTION; 11; 1066; 0.9587242026266416; 0.4793621013133208; 0.0; 0.0; 0.0; (0.0,0.04127579737335835,0.9587242026266416); [[0,22],[0,511]]; ['all']; 0
flare-F.dat; ANOVA; 11; 1066; 0.9587242026266416; 0.4793621013133208; 0.0; 0.0; 0.0; (0.0,0.04127579737335835,0.9587242026266416); [[0,22],[0,511]]; [0,1,2,3,4,5,6,7,8,9,10]; 0.0008003711700439453
flare-F.dat; RELIEF; 11; 1066; 0.9587242026266416; 0.4793621013133208; 0.0; 0.0; 0.0; (0.0,0.04127579737335835,0.9587242026266416); [[0,22],[0,511]]; [0,1,2,3,4,5,6,7,8,9,10]; 1.5206360816955566
flare-F.dat; INFORATION GAIN; 11; 1066; 0.9587242026266416; 0.4793621013133208; 0.0; 0.0; 0.0; (0.0,0.04127579737335835,0.9587242026266416); [[0,22],[0,511]]; [0,1,2,3,4,5,6,7,8,9,10]; 0.06645941734313965
flare-F.dat; CHI SQUARE; 11; 1066; 0.9587242026266416; 0.4793621013133208; 0.0; 0.0; 0.0; (0.0,0.04127579737335835,0.9587242026266416); [[0,22],[0,511]]; [0,1,2,3,4,5,6,7,8,9,10]; 0.0014483928680419922
flare-F.dat; CORRELATION COEF; 10; 1066; 0.9587242026266416; 0.4793621013133208; 0.0; 0.0; 0.0; (0.0,0.04127579737335835,0.9587242026266416); [[0,22],[0,511]]; [1,2,3,4,5,6,7,8,9,10]; 0.002119779586791992
winequality-white-3_vs_7.dat; NO SELECTION; 11; 900; 0.9777777777777777; 0.4888888888888889; 0.0; 0.0; 0.0; (0.0,0.022222222222222223,0.9777777777777777); [[0,10],[0,440]]; ['all']; 0
winequality-white-3_vs_7.dat; ANOVA; 11; 900; 0.9777777777777777; 0.4888888888888889; 0.0; 0.0; 0.0; (0.0,0.022222222222222223,0.9777777777777777); [[0,10],[0,440]]; [0,1,2,3,4,5,6,7,8,9,10]; 0.0007915496826171875
winequality-white-3_vs_7.dat; RELIEF; 11; 900; 0.9777777777777777; 0.4888888888888889; 0.0; 0.0; 0.0; (0.0,0.022222222222222223,0.9777777777777777); [[0,10],[0,440]]; [0,1,2,3,4,5,6,7,8,9,10]; 1.293548345565796
winequality-white-3_vs_7.dat; INFORATION GAIN; 11; 900; 0.9777777777777777; 0.4888888888888889; 0.0; 0.0; 0.0; (0.0,0.022222222222222223,0.9777777777777777); [[0,10],[0,440]]; [0,1,2,3,4,5,6,7,8,9,10]; 0.05983161926269531
winequality-white-3_vs_7.dat; CHI SQUARE; 11; 900; 0.9777777777777777; 0.4888888888888889; 0.0; 0.0; 0.0; (0.0,0.022222222222222223,0.9777777777777777); [[0,10],[0,440]]; [0,1,2,3,4,5,6,7,8,9,10]; 0.0015769004821777344
winequality-white-3_vs_7.dat; CORRELATION COEF; 10; 900; 0.9777777777777777; 0.4888888888888889; 0.0; 0.0; 0.0; (0.0,0.022222222222222223,0.9777777777777777); [[0,10],[0,440]]; [1,2,3,4,5,6,7,8,9,10]; 0.0021424293518066406
winequality-red-8_vs_6.dat; NO SELECTION; 11; 656; 0.9725609756097561; 0.48628048780487804; 0.0; 0.0; 0.0; (0.0,0.027439024390243903,0.9725609756097561); [[0,9],[0,319]]; ['all']; 0
winequality-red-8_vs_6.dat; ANOVA; 11; 656; 0.9725609756097561; 0.48628048780487804; 0.0; 0.0; 0.0; (0.0,0.027439024390243903,0.9725609756097561); [[0,9],[0,319]]; [0,1,2,3,4,5,6,7,8,9,10]; 0.0007023811340332031
winequality-red-8_vs_6.dat; RELIEF; 11; 656; 0.9725609756097561; 0.48628048780487804; 0.0; 0.0; 0.0; (0.0,0.027439024390243903,0.9725609756097561); [[0,9],[0,319]]; [0,1,2,3,4,5,6,7,8,9,10]; 0.5772356986999512
winequality-red-8_vs_6.dat; INFORATION GAIN; 11; 656; 0.9725609756097561; 0.48628048780487804; 0.0; 0.0; 0.0; (0.0,0.027439024390243903,0.9725609756097561); [[0,9],[0,319]]; [0,1,2,3,4,5,6,7,8,9,10]; 0.04846596717834473
winequality-red-8_vs_6.dat; CHI SQUARE; 11; 656; 0.9725609756097561; 0.48628048780487804; 0.0; 0.0; 0.0; (0.0,0.027439024390243903,0.9725609756097561); [[0,9],[0,319]]; [0,1,2,3,4,5,6,7,8,9,10]; 0.0013988018035888672
winequality-red-8_vs_6.dat; CORRELATION COEF; 10; 656; 0.9725609756097561; 0.48628048780487804; 0.0; 0.0; 0.0; (0.0,0.027439024390243903,0.9725609756097561); [[0,9],[0,319]]; [1,2,3,4,5,6,7,8,9,10]; 0.002041339874267578
kddcup-land_vs_satan.dat; NO SELECTION; 41; 1610; 0.9987577639751553; 0.9545454545454546; 1.0; 0.9090909090909091; 0.9523809523809523; (0.9090909090909091,0.0,1.0); [[10,0],[1,794]]; ['all']; 0
kddcup-land_vs_satan.dat; ANOVA; 41; 1610; 0.9987577639751553; 0.9545454545454546; 1.0; 0.9090909090909091; 0.9523809523809523; (0.9090909090909091,0.0,1.0); [[10,0],[1,794]]; [0,1,2,3,4,5,6,7,8,9,10,11,12,13,14,15,16,17,18,19,20,21,22,23,24,25,26,27,28,29,30,31,32,33,34,35,36,37,38,39,40]; 0.0012996196746826172
kddcup-land_vs_satan.dat; RELIEF; 41; 1610; 0.9987577639751553; 0.9545454545454546; 1.0; 0.9090909090909091; 0.9523809523809523; (0.9090909090909091,0.0,1.0); [[10,0],[1,794]]; [0,1,2,3,4,5,6,7,8,9,10,11,12,13,14,15,16,17,18,19,20,21,22,23,24,25,26,27,28,29,30,31,32,33,34,35,36,37,38,39,40]; 4.267168045043945
kddcup-land_vs_satan.dat; INFORATION GAIN; 41; 1610; 0.9987577639751553; 0.9545454545454546; 1.0; 0.9090909090909091; 0.9523809523809523; (0.9090909090909091,0.0,1.0); [[10,0],[1,794]]; [0,1,2,3,4,5,6,7,8,9,10,11,12,13,14,15,16,17,18,19,20,21,22,23,24,25,26,27,28,29,30,31,32,33,34,35,36,37,38,39,40]; 0.3256046772003174
kddcup-land_vs_satan.dat; CHI SQUARE; 41; 1610; 0.9987577639751553; 0.9545454545454546; 1.0; 0.9090909090909091; 0.9523809523809523; (0.9090909090909091,0.0,1.0); [[10,0],[1,794]]; [0,1,2,3,4,5,6,7,8,9,10,11,12,13,14,15,16,17,18,19,20,21,22,23,24,25,26,27,28,29,30,31,32,33,34,35,36,37,38,39,40]; 0.0026094913482666016
kddcup-land_vs_satan.dat; CORRELATION COEF; 27; 1610; 0.9987577639751553; 0.9545454545454546; 1.0; 0.9090909090909091; 0.9523809523809523; (0.9090909090909091,0.0,1.0); [[10,0],[1,794]]; [1,2,3,4,5,6,9,11,22,23,24,25,26,27,28,29,30,31,32,33,34,35,36,37,38,39,40]; 0.020786762237548828
abalone-21_vs_8.dat; NO SELECTION; 8; 581; 0.9758620689655172; 0.4879310344827586; 0.0; 0.0; 0.0; (0.0,0.02413793103448276,0.9758620689655172); [[0,7],[0,283]]; ['all']; 0
abalone-21_vs_8.dat; ANOVA; 8; 581; 0.9758620689655172; 0.4879310344827586; 0.0; 0.0; 0.0; (0.0,0.02413793103448276,0.9758620689655172); [[0,7],[0,283]]; [0,1,2,3,4,5,6,7]; 0.0006756782531738281
abalone-21_vs_8.dat; RELIEF; 8; 581; 0.9758620689655172; 0.4879310344827586; 0.0; 0.0; 0.0; (0.0,0.02413793103448276,0.9758620689655172); [[0,7],[0,283]]; [0,1,2,3,4,5,6,7]; 0.5182242393493652
abalone-21_vs_8.dat; INFORATION GAIN; 8; 581; 0.9758620689655172; 0.4879310344827586; 0.0; 0.0; 0.0; (0.0,0.02413793103448276,0.9758620689655172); [[0,7],[0,283]]; [0,1,2,3,4,5,6,7]; 0.035291433334350586
abalone-21_vs_8.dat; CHI SQUARE; 8; 581; 0.9758620689655172; 0.4879310344827586; 0.0; 0.0; 0.0; (0.0,0.02413793103448276,0.9758620689655172); [[0,7],[0,283]]; [0,1,2,3,4,5,6,7]; 0.0013585090637207031
abalone-21_vs_8.dat; CORRELATION COEF; 7; 581; 0.9758620689655172; 0.4879310344827586; 0.0; 0.0; 0.0; (0.0,0.02413793103448276,0.9758620689655172); [[0,7],[0,283]]; [1,2,3,4,5,6,7]; 0.0014622211456298828
kr-vs-k-zero-one_vs_draw.dat; NO SELECTION; 6; 2901; 0.9910344827586207; 0.9728351597494256; 0.7884615384615384; 0.9534883720930233; 0.8631578947368421; (0.9534883720930233,0.007818052594171997,0.992181947405828); [[41,11],[2,1396]]; ['all']; 0
kr-vs-k-zero-one_vs_draw.dat; ANOVA; 6; 2901; 0.9910344827586207; 0.9728351597494256; 0.7884615384615384; 0.9534883720930233; 0.8631578947368421; (0.9534883720930233,0.007818052594171997,0.992181947405828); [[41,11],[2,1396]]; [0,1,2,3,4,5]; 0.0011239051818847656
kr-vs-k-zero-one_vs_draw.dat; RELIEF; 6; 2901; 0.9910344827586207; 0.9728351597494256; 0.7884615384615384; 0.9534883720930233; 0.8631578947368421; (0.9534883720930233,0.007818052594171997,0.992181947405828); [[41,11],[2,1396]]; [0,1,2,3,4,5]; 11.784772396087646
kr-vs-k-zero-one_vs_draw.dat; INFORATION GAIN; 6; 2901; 0.9910344827586207; 0.9728351597494256; 0.7884615384615384; 0.9534883720930233; 0.8631578947368421; (0.9534883720930233,0.007818052594171997,0.992181947405828); [[41,11],[2,1396]]; [0,1,2,3,4,5]; 0.09250283241271973
kr-vs-k-zero-one_vs_draw.dat; CHI SQUARE; 6; 2901; 0.9910344827586207; 0.9728351597494256; 0.7884615384615384; 0.9534883720930233; 0.8631578947368421; (0.9534883720930233,0.007818052594171997,0.992181947405828); [[41,11],[2,1396]]; [0,1,2,3,4,5]; 0.0025832653045654297
kr-vs-k-zero-one_vs_draw.dat; CORRELATION COEF; 5; 2901; 0.9896551724137931; 0.9822184666266878; 0.7307692307692307; 0.9743589743589743; 0.8351648351648352; (0.9743589743589743,0.009922041105598866,0.9900779588944011); [[38,14],[1,1397]]; [1,2,3,4,5]; 0.0014348030090332031
poker-8_vs_6.dat; NO SELECTION; 10; 1477; 0.989159891598916; 0.494579945799458; 0.0; 0.0; 0.0; (0.0,0.01084010840108401,0.989159891598916); [[0,8],[0,730]]; ['all']; 0
poker-8_vs_6.dat; ANOVA; 10; 1477; 0.989159891598916; 0.494579945799458; 0.0; 0.0; 0.0; (0.0,0.01084010840108401,0.989159891598916); [[0,8],[0,730]]; [0,1,2,3,4,5,6,7,8,9]; 0.0010128021240234375
poker-8_vs_6.dat; RELIEF; 10; 1477; 0.989159891598916; 0.494579945799458; 0.0; 0.0; 0.0; (0.0,0.01084010840108401,0.989159891598916); [[0,8],[0,730]]; [0,1,2,3,4,5,6,7,8,9]; 2.777686834335327
poker-8_vs_6.dat; INFORATION GAIN; 10; 1477; 0.989159891598916; 0.494579945799458; 0.0; 0.0; 0.0; (0.0,0.01084010840108401,0.989159891598916); [[0,8],[0,730]]; [0,1,2,3,4,5,6,7,8,9]; 0.07996869087219238
poker-8_vs_6.dat; CHI SQUARE; 10; 1477; 0.989159891598916; 0.494579945799458; 0.0; 0.0; 0.0; (0.0,0.01084010840108401,0.989159891598916); [[0,8],[0,730]]; [0,1,2,3,4,5,6,7,8,9]; 0.001935720443725586
poker-8_vs_6.dat; CORRELATION COEF; 9; 1477; 0.989159891598916; 0.494579945799458; 0.0; 0.0; 0.0; (0.0,0.01084010840108401,0.989159891598916); [[0,8],[0,730]]; [1,2,3,4,5,6,7,8,9]; 0.002268075942993164
winequality-white-9_vs_4.dat; NO SELECTION; 11; 168; 0.9642857142857143; 0.48214285714285715; 0.0; 0.0; 0.0; (0.0,0.03571428571428571,0.9642857142857143); [[0,3],[0,81]]; ['all']; 0
winequality-white-9_vs_4.dat; ANOVA; 11; 168; 0.9642857142857143; 0.48214285714285715; 0.0; 0.0; 0.0; (0.0,0.03571428571428571,0.9642857142857143); [[0,3],[0,81]]; [0,1,2,3,4,5,6,7,8,9,10]; 0.0007491111755371094
winequality-white-9_vs_4.dat; RELIEF; 11; 168; 0.9642857142857143; 0.48214285714285715; 0.0; 0.0; 0.0; (0.0,0.03571428571428571,0.9642857142857143); [[0,3],[0,81]]; [0,1,2,3,4,5,6,7,8,9,10]; 0.05883383750915527
winequality-white-9_vs_4.dat; INFORATION GAIN; 11; 168; 0.9642857142857143; 0.48214285714285715; 0.0; 0.0; 0.0; (0.0,0.03571428571428571,0.9642857142857143); [[0,3],[0,81]]; [0,1,2,3,4,5,6,7,8,9,10]; 0.026065826416015625
winequality-white-9_vs_4.dat; CHI SQUARE; 11; 168; 0.9642857142857143; 0.48214285714285715; 0.0; 0.0; 0.0; (0.0,0.03571428571428571,0.9642857142857143); [[0,3],[0,81]]; [0,1,2,3,4,5,6,7,8,9,10]; 0.0011448860168457031
winequality-white-9_vs_4.dat; CORRELATION COEF; 10; 168; 0.9642857142857143; 0.48214285714285715; 0.0; 0.0; 0.0; (0.0,0.03571428571428571,0.9642857142857143); [[0,3],[0,81]]; [1,2,3,4,5,6,7,8,9,10]; 0.0021750926971435547
kr-vs-k-zero_vs_fifteen.dat; NO SELECTION; 6; 2193; 0.9945255474452555; 0.997245179063361; 0.5384615384615384; 1.0; 0.7000000000000001; (1.0,0.005509641873278237,0.9944903581267218); [[7,6],[0,1083]]; ['all']; 0
kr-vs-k-zero_vs_fifteen.dat; ANOVA; 6; 2193; 0.9945255474452555; 0.997245179063361; 0.5384615384615384; 1.0; 0.7000000000000001; (1.0,0.005509641873278237,0.9944903581267218); [[7,6],[0,1083]]; [0,1,2,3,4,5]; 0.0010499954223632812
kr-vs-k-zero_vs_fifteen.dat; RELIEF; 6; 2193; 0.9945255474452555; 0.997245179063361; 0.5384615384615384; 1.0; 0.7000000000000001; (1.0,0.005509641873278237,0.9944903581267218); [[7,6],[0,1083]]; [0,1,2,3,4,5]; 8.356456279754639
kr-vs-k-zero_vs_fifteen.dat; INFORATION GAIN; 6; 2193; 0.9945255474452555; 0.997245179063361; 0.5384615384615384; 1.0; 0.7000000000000001; (1.0,0.005509641873278237,0.9944903581267218); [[7,6],[0,1083]]; [0,1,2,3,4,5]; 0.07551980018615723
kr-vs-k-zero_vs_fifteen.dat; CHI SQUARE; 6; 2193; 0.9945255474452555; 0.997245179063361; 0.5384615384615384; 1.0; 0.7000000000000001; (1.0,0.005509641873278237,0.9944903581267218); [[7,6],[0,1083]]; [0,1,2,3,4,5]; 0.0020372867584228516
kr-vs-k-zero_vs_fifteen.dat; CORRELATION COEF; 5; 2193; 0.9927007299270073; 0.9963336388634281; 0.38461538461538464; 1.0; 0.5555555555555556; (1.0,0.007332722273143905,0.9926672777268561); [[5,8],[0,1083]]; [1,2,3,4,5]; 0.0012443065643310547
kr-vs-k-three_vs_eleven.dat; NO SELECTION; 6; 2935; 0.9952283571915473; 0.9975592747559274; 0.825; 1.0; 0.9041095890410958; (1.0,0.0048814504881450485,0.995118549511855); [[33,7],[0,1427]]; ['all']; 0
kr-vs-k-three_vs_eleven.dat; ANOVA; 6; 2935; 0.9952283571915473; 0.9975592747559274; 0.825; 1.0; 0.9041095890410958; (1.0,0.0048814504881450485,0.995118549511855); [[33,7],[0,1427]]; [0,1,2,3,4,5]; 0.0011692047119140625
kr-vs-k-three_vs_eleven.dat; RELIEF; 6; 2935; 0.9952283571915473; 0.9975592747559274; 0.825; 1.0; 0.9041095890410958; (1.0,0.0048814504881450485,0.995118549511855); [[33,7],[0,1427]]; [0,1,2,3,4,5]; 12.559025049209595
kr-vs-k-three_vs_eleven.dat; INFORATION GAIN; 6; 2935; 0.9952283571915473; 0.9975592747559274; 0.825; 1.0; 0.9041095890410958; (1.0,0.0048814504881450485,0.995118549511855); [[33,7],[0,1427]]; [0,1,2,3,4,5]; 0.09710931777954102
kr-vs-k-three_vs_eleven.dat; CHI SQUARE; 6; 2935; 0.9952283571915473; 0.9975592747559274; 0.825; 1.0; 0.9041095890410958; (1.0,0.0048814504881450485,0.995118549511855); [[33,7],[0,1427]]; [0,1,2,3,4,5]; 0.002813577651977539
kr-vs-k-three_vs_eleven.dat; CORRELATION COEF; 5; 2935; 0.9938650306748467; 0.9968662952646239; 0.775; 1.0; 0.8732394366197184; (1.0,0.006267409470752089,0.9937325905292479); [[31,9],[0,1427]]; [1,2,3,4,5]; 0.0013828277587890625
poker-8-9_vs_5.dat; NO SELECTION; 10; 2075; 0.9884281581485053; 0.49421407907425263; 0.0; 0.0; 0.0; (0.0,0.011571841851494697,0.9884281581485053); [[0,12],[0,1025]]; ['all']; 0
poker-8-9_vs_5.dat; ANOVA; 10; 2075; 0.9884281581485053; 0.49421407907425263; 0.0; 0.0; 0.0; (0.0,0.011571841851494697,0.9884281581485053); [[0,12],[0,1025]]; [0,1,2,3,4,5,6,7,8,9]; 0.0011255741119384766
poker-8-9_vs_5.dat; RELIEF; 10; 2075; 0.9884281581485053; 0.49421407907425263; 0.0; 0.0; 0.0; (0.0,0.011571841851494697,0.9884281581485053); [[0,12],[0,1025]]; [0,1,2,3,4,5,6,7,8,9]; 5.750409841537476
poker-8-9_vs_5.dat; INFORATION GAIN; 10; 2075; 0.9884281581485053; 0.49421407907425263; 0.0; 0.0; 0.0; (0.0,0.011571841851494697,0.9884281581485053); [[0,12],[0,1025]]; [0,1,2,3,4,5,6,7,8,9]; 0.10474681854248047
poker-8-9_vs_5.dat; CHI SQUARE; 10; 2075; 0.9884281581485053; 0.49421407907425263; 0.0; 0.0; 0.0; (0.0,0.011571841851494697,0.9884281581485053); [[0,12],[0,1025]]; [0,1,2,3,4,5,6,7,8,9]; 0.0022666454315185547
poker-8-9_vs_5.dat; CORRELATION COEF; 9; 2075; 0.9884281581485053; 0.49421407907425263; 0.0; 0.0; 0.0; (0.0,0.011571841851494697,0.9884281581485053); [[0,12],[0,1025]]; [1,2,3,4,5,6,7,8,9]; 0.0021600723266601562
